
[
{"product_name": "Random Products 83070 2-3/4\u2033 Steel Knot Cup Brush", "price": "9.95ea", "currency": "$", "SKU": "RAN 83070", "breadcrumbs": ["Home", "Abrasives", "Wire Brush Abrasives"], "MfgPartNo": " 83070"},
{"product_name": "Anchor Products 37SS Utility Brushes, Stainless Steel Bristles, Plastic Handle, Hand Tied", "price": "1.45EA", "currency": "$", "SKU": "102-37SS", "breadcrumbs": ["Home", "Abrasives", "Wire Brush Abrasives", "Scratch Brushes"], "MfgPartNo": "\u00a037SS"},
{"product_name": "Anchor Products 387SS Hand Scratch Brushes, 4 X 16 Rows, Stainless Steel Bristles, Shoe Wood Handle", "price": "2.30EA", "currency": "$", "SKU": "102-387SS", "breadcrumbs": ["Home", "Abrasives", "Wire Brush Abrasives", "Scratch Brushes"], "MfgPartNo": "\u00a0387SS"},
{"product_name": "Anchor Products A-19 Chipping Hammer Brush, 3 X 15 Rows,Carbon Steel Wire, Straight Wood Handle", "price": "3.23EA", "currency": "$", "SKU": "102-A-19", "breadcrumbs": ["Home", "Abrasives", "Wire Brush Abrasives", "Scratch Brushes"], "MfgPartNo": "\u00a0A-19"},
{"product_name": "Anchor Products 387 Hand Scratch Brushes, 4 X 16 Rows, Carbon Steel Bristles, Shoe Wood Handle", "price": "1.52EA", "currency": "$", "SKU": "102-387", "breadcrumbs": ["Home", "Abrasives", "Wire Brush Abrasives", "Scratch Brushes"], "MfgPartNo": "\u00a0387"},
{"product_name": "Anchor Products BW-103 Hand Scratch Brushes, 3 X 19 Rows, Carbon Steel Bristles, Curved Wood Handle", "price": "2.13EA", "currency": "$", "SKU": "102-BW-103", "breadcrumbs": ["Home", "Abrasives", "Wire Brush Abrasives", "Scratch Brushes"], "MfgPartNo": "\u00a0BW-103"},
{"product_name": "Anchor Products 388SS Hand Scratch Brushes, 3 X 19 Rows, Stainless Steel Wire, Curved Wood Handle", "price": "1.93EA", "currency": "$", "SKU": "102-388SS", "breadcrumbs": ["Home", "Abrasives", "Wire Brush Abrasives", "Scratch Brushes"], "MfgPartNo": "\u00a0388SS"},
{"product_name": "Anchor Products 388 Hand Scratch Brushes, 3 X 19 Rows, Carbon Steel Bristles, Curved Wood Handle", "price": "1.27EA", "currency": "$", "SKU": "102-388", "breadcrumbs": ["Home", "Abrasives", "Wire Brush Abrasives", "Scratch Brushes"], "MfgPartNo": "\u00a0388"},
{"product_name": "Anchor Products 385 Hand Scratch Brushes, 4 X 18 Rows, Carbon Steel Bristles, Curved Wood Handle", "price": "2.05EA", "currency": "$", "SKU": "102-385", "breadcrumbs": ["Home", "Abrasives", "Wire Brush Abrasives", "Scratch Brushes"], "MfgPartNo": "\u00a0385"},
{"product_name": "Anchor Products 30SS Utility Brushes, Wood Block/Handle, Stainless Steel Bristles, Stapled", "price": "0.62EA", "currency": "$", "SKU": "102-30SS", "breadcrumbs": ["Home", "Abrasives", "Wire Brush Abrasives", "Scratch Brushes"], "MfgPartNo": "\u00a030SS"},
{"product_name": "Anchor Products 15B Utility Brushes, Wood Handle, Brass Bristles, Stapled", "price": "1.01EA", "currency": "$", "SKU": "102-15B", "breadcrumbs": ["Home", "Abrasives", "Wire Brush Abrasives", "Scratch Brushes"], "MfgPartNo": "\u00a015B"},
{"product_name": "Anchor Products 15SS Utility Brushes, Wood Block/Handle, Stainless Steel Fill, Hand Tied", "price": "1.39EA", "currency": "$", "SKU": "102-15SS", "breadcrumbs": ["Home", "Abrasives", "Wire Brush Abrasives", "Scratch Brushes"], "MfgPartNo": "\u00a015SS"}
]